author,category,dish
Katie Morford,diet/vegetarian,Spring Vegetable Tortellini Soup with Pesto
Sara Bir,diet/vegetarian,Instant Pot Mushroom Risotto
Carrie Havranek,diet/vegetarian,Vegetarian Pad Thai with Tofu
Erin Alderson,diet/vegetarian,Buffalo Cauliflower Tacos with Ranch Sauce
Sally Vargas,diet/vegetarian,Black Rice Bowls with Tofu and Veggies
Elise Bauer,diet/vegetarian,Eggplant and Red Pepper Terrine
Elise Bauer,diet/vegetarian,Spicy Vegetarian Chili
Sponsored Content,main-ingredient/pasta,Pressure Cooker Pesto Chicken Tetrazzini
Carrie Havranek,main-ingredient/pasta,Valerie Brunmeier’s Cheesy Taco Pasta Skillet
Elise Bauer,main-ingredient/pasta,"Bowtie Pasta with Peas, Prosciutto, and Arugula"
Elise Bauer,main-ingredient/pasta,"Shrimp with Olives, Tomatoes, and Orzo"
Aaron Hutcherson,main-ingredient/pork,Chorizo-Stuffed Sweet Potatoes
Sally Vargas,main-ingredient/lamb,Pressure Cooker Lamb Stew with Spring Vegetables
Sally Vargas,main-ingredient/seafood,Shrimp Cobb Salad with Creamy Basil Dressing
Nick Evans,main-ingredient/beef,Bourbon BBQ Meatloaf
Summer Miller,main-ingredient/chicken,Easy Chicken Skillet Enchiladas
Andrea Nguyen,main-ingredient/chicken,Chicken Curry with Sweet Potato and Lemongrass
Coco Morante,main-ingredient/chicken,Instant Pot Chicken Tortilla Soup
Summer Miller,main-ingredient/chicken,Creamy Chicken Soup
Summer Miller,main-ingredient/chicken,
Aaron Hutcherson,main-ingredient/chicken,Spicy Fried Chicken
Sally Vargas,main-ingredient/chicken,"Skillet Chicken Thighs with Potatoes, Carrots, and Greens"
Katie Workman,main-ingredient/chicken,5 Ways to Use Supermarket Rotisserie Chicken
Marta Rivera,main-ingredient/chicken,Chicken Cordon Bleu
Carrie Havranek,main-ingredient/chicken,
Nick Evans,main-ingredient/chicken,Chicken Freezer Burritos
Nick Evans,main-ingredient/chicken,Grilled Chicken Under a Brick
Summer Miller,main-ingredient/chicken,Chinese 5-Spice Skillet Chicken with Green Beans and Peppers
Nick Evans,main-ingredient/chicken,Apple Cider Chicken Thighs with Sweet Potatoes
Sally Vargas,main-ingredient/chicken,"Tamale Pie with Chicken, Green Chiles, and Cheese"
Sally Vargas,main-ingredient/chicken,Tex-Mex Shepherd’s Pie
Irvin Lin,main-ingredient/chicken,Feta-Brined Roast Chicken
Carrie Havranek,main-ingredient/chicken,Toni Tipton-Martin’s Classic Jambalaya
Irvin Lin,main-ingredient/chicken,Sweet Tea Fried Chicken
Aaron Hutcherson,main-ingredient/chicken,Buffalo Chicken Chili
Sara Bir,main-ingredient/chicken,Instant Pot Chicken Wing Ramen
Claudia Cash,main-ingredient/chicken,
Katie Morford,main-ingredient/chicken,Winter Chicken Salad with Tangy Miso Dressing
Nick Evans,main-ingredient/chicken,Chicken Panzanella Salad
Coco Morante,main-ingredient/chicken,How to Cook Frozen Chicken in the Instant Pot
Prerna Singh,main-ingredient/chicken,Indian Chicken Biryani
Claudia Cash,main-ingredient/chicken,
Sally Vargas,main-ingredient/chicken,Sheet Pan Chicken Fajitas with Peppers and Onions
Nick Evans,main-ingredient/chicken,Skillet Chicken and Rice
Summer Miller,main-ingredient/chicken,Southwest Skillet Chicken with Beans and Corn
Sally Vargas,main-ingredient/beef,Classic Corned Beef and Cabbage
Carrie Havranek,main-ingredient/beef,Loaded Sheet Pan Nachos
Andrea Nguyen,main-ingredient/beef,Curry-Scented Grilled Beef Lettuce Wraps
Coco Morante,main-ingredient/beef,Easy Broiled Steak
Claudia Cash,main-ingredient/beef,
Coco Morante,main-ingredient/beef,Instant Pot Corned Beef and Cabbage
Sally Vargas,main-ingredient/beef,Steak Noodle Bowls with Miso-Lime Dressing
Coco Morante,main-ingredient/beef,Instant Pot Pot Roast with Balsamic and Rosemary
Summer Miller,main-ingredient/beef,Reuben Casserole
Sally Vargas,main-ingredient/beef,Greek Meatloaf with Spinach and Feta
Sally Vargas,main-ingredient/beef,Mozzarella-Stuffed Meatballs in Tomato Sauce
Summer Miller,main-ingredient/beef,Slow Cooker Pot Roast
Nick Evans,main-ingredient/beef,Stovetop Double-Stack Cheeseburgers
Katie Morford,main-ingredient/beef,Healthy Shepherd’s Pie
Aaron Hutcherson,main-ingredient/seafood,Spicy Thai Soup with Shrimp
Sally Vargas,main-ingredient/seafood,Crab Cakes
Sally Vargas,main-ingredient/seafood,"White Bean, Tomato, and Shrimp Skillet Dinner"
Elise Bauer,main-ingredient/lamb,Lamb Braised in Milk with Fennel
Elise Bauer,main-ingredient/lamb,Spicy Lamb Stew with Butternut Squash
Elise Bauer,main-ingredient/lamb,Braised Lamb Shanks with Celery Root and Rosemary
Sheryl Julian,main-ingredient/lamb,Spicy Lamb Stew with Chickpeas
Nick Evans,main-ingredient/pork,Ginger Pork Rice Bowls
Marta Rivera,main-ingredient/pork,Cuban-Style Roast Pork
Nick Evans,main-ingredient/pork,Meat Lovers’ Sheet Pan Pizza
Summer Miller,main-ingredient/pork,6 Different Meals to Make With Pulled Pork
Nick Evans,main-ingredient/pork,Pepperoni Pizza Pockets
Marta Rivera,main-ingredient/pork,Cuban Sandwich (Cubano)
Nick Evans,main-ingredient/pork,Hawaiian SPAM Tacos with Pineapple
Marta Rivera,main-ingredient/pork,Easy Smothered Pork Chops
Elise Bauer,main-ingredient/pasta,Linguine with Clam Sauce
Elise Bauer,main-ingredient/pasta,Fettuccine with Creamy Tomato Italian Sausage Sauce
Katie Workman,main-ingredient/pasta,Skillet Chicken with Cheesy Orzo and Zucchini
Elise Bauer,main-ingredient/pasta,Spaghetti and Meatballs
Elise Bauer,main-ingredient/pasta,Quick and Easy Shrimp with Angel Hair Pasta
Elise Bauer,main-ingredient/pasta,"Shrimp, Lemon, Spinach Linguine"
Sally Vargas,main-ingredient/pasta,Easy Weeknight Chicken Ramen
Aaron Hutcherson,main-ingredient/pasta,Chili Mac and Cheese
Elise Bauer,main-ingredient/pasta,Pasta Pomodoro with Shrimp
Elise Bauer,main-ingredient/pasta,Pasta with Tuna and Arugula
Elise Bauer,main-ingredient/pasta,Tuna Pasta with Tomato and Olives
Elise Bauer,main-ingredient/pasta,"Angel Hair Pasta with Clams, Cherry Tomatoes, and Basil"
Elise Bauer,main-ingredient/pasta,Citrus Pork with Egg Noodles
Elise Bauer,main-ingredient/pasta,Cauliflower Pasta with Bacon and Parmesan
Elise Bauer,main-ingredient/pasta,Shrimp and Artichoke Pasta
Coco Morante,main-ingredient/pasta,Pasta with Turkey Meatballs and Roasted Vegetables
Sheryl Julian,main-ingredient/pasta,Roast Chicken on Angel Hair Pasta
Carrie Havranek,main-ingredient/pasta,"Pasta with Butternut Squash, Bacon, and Brown Butter"
Elise Bauer,main-ingredient/pasta,Shell Pasta with Sausage and Greens
Sally Vargas,main-ingredient/pasta,"Lemon Chicken with Pasta, Olives, and Herbs"
Nick Evans,main-ingredient/pasta,Rotisserie Chicken Alfredo
Nick Evans,main-ingredient/pasta,Orecchiette Pasta with Sausage and Kale
Nick Evans,main-ingredient/pasta,Skillet Chicken Parmesan
Carrie Havranek,main-ingredient/pasta,Chicken Pad Thai
Katie Workman,main-ingredient/pasta,4 Best Add-Ins for Macaroni and Cheese
Elise Bauer,main-ingredient/pasta,Chicken Pasta with Thyme-Mint Cream Sauce
Elise Bauer,main-ingredient/pasta,Pasta with Roasted Cauliflower and Prosciutto
Elise Bauer,main-ingredient/pasta,"Pasta with Sausage, Tomatoes and Roasted Peppers"
Elise Bauer,main-ingredient/pasta,Creamy Shrimp and Broccoli Fettuccine
Sponsored Content,main-ingredient/pasta,Creamy Pasta with Salmon and Peas
Nick Evans,main-ingredient/pasta,Steamed Mussels in Tomato Sauce
Nick Evans,main-ingredient/pasta,Rotini with Kale and Walnut Pesto
Emma Christensen,main-ingredient/pasta,Creamy Tortellini Soup with Sausage and Spinach
Garrett McCord,diet/vegetarian,Eggplant Green Curry
Hank Shaw,diet/vegetarian,Pumpkin Ricotta Gnocchi
Elise Bauer,diet/vegetarian,Green Chile Mac and Cheese
Elise Bauer,diet/vegetarian,Asparagus Risotto
Elise Bauer,diet/vegetarian,Cheesy Tortellini Casserole
Coco Morante,diet/vegetarian,Pressure Cooker Butternut Squash Soup
Sabrina Modelle,diet/vegetarian,Vegan Stuffed Squash with Brown Rice and Mushrooms
Elise Bauer,diet/vegetarian,Asian Noodle Salad
Elise Bauer,diet/vegetarian,Cheese Fondue
Sally Vargas,diet/vegetarian,Butternut Squash Lasagna
Elise Bauer,diet/vegetarian,Broccoli Cheddar Mac and Cheese
Elizabeth Stark,diet/vegetarian,Three-Cheese Pesto Lasagna
Sheryl Julian,diet/vegetarian,Potato and Broccoli Curry
Sabrina Modelle,diet/vegetarian,Slow Cooker Chickpea Curry with Sweet Potatoes and Red Peppers
Elise Bauer,diet/vegetarian,Spinach Risotto
Elise Bauer,diet/vegetarian,Black Bean Burrito Bowl
Elise Bauer,diet/vegetarian,Cauliflower Chickpea Curry
Lisa Lin,diet/vegetarian,"Frittata with Potatoes, Red Peppers, and Spinach"
Elise Bauer,diet/vegetarian,Eggplant Lentil Stew with Pomegranate Molasses
Sheryl Julian,diet/vegetarian,Eggplant Caponata Pasta
Sheryl Julian,diet/vegetarian,Yellow Split Pea Soup
Sabrina Modelle,diet/vegetarian,Mediterranean Chickpea Bowls with Tahini Sauce
Elise Bauer,diet/vegetarian,Green Chile Enchiladas
Sheryl Julian,diet/vegetarian,Zucchini-Feta Frittata
Elise Bauer,diet/vegetarian,Pasta with Butternut Squash Parmesan Sauce
Nick Evans,diet/vegetarian,Broccoli and Cheddar Quesadillas
Elise Bauer,diet/vegetarian,Vegetarian Banana Leaf Tamales
Elise Bauer,diet/vegetarian,Potato Gnocchi
Sabrina Modelle,diet/vegetarian,Slow Cooker Pumpkin Soup
Katie Workman,diet/vegetarian,Easy Vegetable Fried Rice
Sheryl Julian,diet/vegetarian,Vegan Mushroom Barley Soup
Sally Vargas,diet/vegetarian,Four-Cheese Lasagna with Fresh Pasta
Nick Evans,diet/vegetarian,Fettuccine Alfredo with Mushrooms
Coco Morante,diet/vegetarian,Pressure Cooker Saag Tofu (Indian Spinach and Tofu)
Sheryl Julian,diet/vegetarian,Roasted Eggplant and Butternut Squash with Tahini-Yogurt Sauce
Coco Morante,diet/vegetarian,Spinach & Artichoke Sheet Pan Pizza
Elise Bauer,diet/vegetarian,Spaghetti Squash and Chard Sauté
Sally Vargas,diet/vegetarian,Creamy Tomato and White Bean Soup
Sheryl Julian,diet/vegetarian,Mushroom Toast with Fried Egg
Sally Vargas,diet/vegetarian,Turmeric Cauliflower Curry
Sheryl Julian,diet/vegetarian,Mozzarella and Tomato Skillet Pita Pizzas
Tess Masters,diet/vegetarian,Cream Of Celeriac Soup with Brussels Sprouts Chips
Elise Bauer,diet/vegetarian,Spinach Ricotta Gnocchi
Sally Vargas,diet/vegetarian,"Pasta with Spinach, Mushrooms, and Brown Butter"
Megan Gordon,diet/vegetarian,Three Sisters Casserole with Cornbread Topping
Elise Bauer,diet/vegetarian,Cheesy Quinoa Black Bean Stuffed Bell Peppers
Elise Bauer,diet/vegetarian,Asparagus Pesto with Pasta
Coco Morante,diet/vegetarian,Pressure Cooker Pasta Primavera
Hank Shaw,diet/vegetarian,Spring Minestrone Soup
Sally Vargas,diet/vegetarian,Cauliflower Pasta Bake
Sabrina Modelle,diet/vegetarian,Harvest Salad with Miso-Maple Roasted Butternut Squash
Aaron Hutcherson,diet/vegetarian,Tomato Ricotta Tart
Sally Vargas,diet/vegetarian,Lentil Salad with Arugula and Feta
Sheryl Julian,diet/vegetarian,Vegetable Shakshuka with Pesto
Sally Vargas,diet/vegetarian,Lemony Spaghetti with Peas and Ricotta
Sally Vargas,diet/vegetarian,Make-Ahead Skillet Baked Spaghetti
Elise Bauer,diet/vegetarian,Chipotle Bean Tostadas
Sally Vargas,diet/vegetarian,Zucchini Lasagna Roll-Ups
Sally Vargas,diet/vegetarian,Soba Noodle Bowls with Spinach and Poached Eggs
Sabrina Modelle,diet/vegetarian,Moroccan-Spiced Sweet Potato and Chickpea Stew
Sheryl Julian,diet/vegetarian,Angel Hair Pasta with Quick Cherry Tomato Sauce
Elise Bauer,diet/vegetarian,Balsamic Risotto with Tomatoes and Basil
Sheryl Julian,diet/vegetarian,Stuffed Delicata Squash with Quinoa and Mushrooms
Erin Alderson,diet/vegetarian,Creamy Polenta with White Beans and Roasted Broccoli
Sally Vargas,diet/vegetarian,"Farro, Mushroom, and Spinach Soup"
Erin Alderson,diet/vegetarian,Pasta with Roasted Tomatoes and Creamy Herb Cashew Sauce
Elise Bauer,diet/vegetarian,Chickpea Potato Curry
Erin Alderson,diet/vegetarian,Curry Chickpea-Loaded Baked Potatoes
Sally Vargas,diet/vegetarian,Easy Summer Vegetable Pizzas
Sally Vargas,diet/vegetarian,Vegetarian Shepherd’s Pie with Carrots and Mushrooms
Erin Alderson,diet/vegetarian,Vegan Chickpea Minestrone
Sally Vargas,diet/vegetarian,Vegetable Lentil Soup
Sally Vargas,diet/vegetarian,Shaved Asparagus and Potato Pizza
Katie Workman,diet/vegetarian,"Grilled Pizza with Red Peppers, Broccoli, and Onions"
Elise Bauer,diet/vegetarian,"Kale, Mushroom, and Cheddar Bake"
Elise Bauer,diet/vegetarian,Penne with Ricotta and Asparagus
Elise Bauer,diet/vegetarian,"Pasta with Eggplant, Feta, and Mint"
Elise Bauer,diet/vegetarian,"Pasta with Artichoke Hearts, Sun Dried Tomatoes, and Toasted Almonds"
Megan Gordon,diet/vegetarian,Pesto White Bean Veggie Burgers
Nick Evans,diet/vegetarian,Green Goddess Veggie Burgers
Elise Bauer,diet/vegetarian,Pesto Stuffed Zucchini
Sally Vargas,diet/vegetarian,Sheet Pan Pizza with Roasted Cauliflower and Greens
Sally Vargas,diet/vegetarian,Texas Stacked Enchiladas with Corn and Black Beans
Sally Vargas,diet/vegetarian,Whole Wheat Pasta with Kale Pesto
Sheryl Julian,diet/vegetarian,Fattoush Bread Salad
Jessica Gavin,diet/vegetarian,Cacio e Pepe
Emma Christensen,diet/vegetarian,5 Tips for Raising an Adventurous Eater
Nick Evans,diet/vegetarian,Stuffed Shells with Summer Squash and Ricotta
Katie Morford,diet/vegetarian,Mediterranean Mezze Platter
Sally Vargas,diet/vegetarian,Crispy Cheese and Mushroom Quesadillas
Carrie Havranek,diet/vegetarian,Sweet Corn and Goat Cheese Quesadillas
Nick Evans,diet/vegetarian,Sweet Corn Gnocchi Skillet
Sally Vargas,diet/vegetarian,Spanakopita
Carrie Havranek,diet/vegetarian,No-Bake Lasagna
Sally Vargas,diet/vegetarian,Spinach-Stuffed Portobello Mushrooms
Sally Vargas,diet/vegetarian,Creamy Basil Artichoke Mac and Cheese
Jessica Gavin,diet/vegetarian,Cauliflower Fried “Rice”
Sally Vargas,diet/vegetarian,Cheesy Spaghetti Squash Casserole
Jessica Gavin,diet/vegetarian,Cauliflower Gnocchi with Creamy Sun-Dried Tomato Sauce
Sally Vargas,diet/vegetarian,Butternut Squash Enchiladas
Carrie Havranek,diet/vegetarian,Easy Avocado and Black Bean Quesadillas
Nick Evans,diet/vegetarian,Vegan Sloppy Joes
Sally Vargas,diet/vegetarian,Cauliflower Steak Sandwiches with Red Pepper Aioli
Jessica Gavin,diet/vegetarian,Vegetable Pot Pie
Summer Miller,diet/vegetarian,Easy Tomato Soup
Carrie Havranek,diet/vegetarian,Marge Perry and David Bonom’s Easy Skillet Lasagna
Sally Vargas,diet/vegetarian,Indian Spiced Lentil Burgers with Cilantro Chutney
Jessica Gavin,diet/vegetarian,Cauliflower Gnocchi (Trader Joe’s Copycat!)
Garrett McCord,diet/vegetarian,"Grilled Cheese Sandwich with Mozzarella, Red Peppers, and Arugula"
Carrie Havranek,diet/vegetarian,Maria Lichty’s Pesto Havarti Mac and Cheese
Sally Vargas,diet/vegetarian,Butternut Squash and Black Bean Skillet Dinner
Prerna Singh,diet/vegetarian,Chana Masala
Carrie Havranek,diet/vegetarian,Adeena Sussman’s Green Shakshuka with Crispy Latkes
Coco Morante,main-ingredient/chicken,Pressure Cooker BBQ Chicken Stuffed Sweet Potatoes
Elise Bauer,main-ingredient/chicken,Grilled Chicken Tarragon with Tomato Sauce
Elise Bauer,main-ingredient/chicken,Chicken with Creamy Cassis Sauce
Sabrina Modelle,main-ingredient/chicken,Paleo Chicken Adobo
Coco Morante,main-ingredient/chicken,How to Cook Chicken in the Instant Pot
Sheryl Julian,main-ingredient/chicken,Basque-Style Chicken with Peppers and Olives
Nick Evans,main-ingredient/chicken,Firecracker Chicken
Elise Bauer,main-ingredient/chicken,Chicken Pozole
Emma Christensen,main-ingredient/chicken,"How to Poach Chicken, the Quick and Easy Way"
Elise Bauer,main-ingredient/chicken,Slow Cooker Moroccan Chicken
Aaron Hutcherson,main-ingredient/chicken,Chicken Scampi with Angel Hair Pasta
Jessica Gavin,main-ingredient/beef,Skirt Steak with Avocado Chimichurri
Elise Bauer,main-ingredient/beef,Moroccan Meatloaf
Elise Bauer,main-ingredient/beef,Grilled Beef and Mushroom Burger
Elise Bauer,main-ingredient/beef,Filet Mignon with Red Wine Sauce
Elise Bauer,main-ingredient/beef,Hamburger and Macaroni
Elise Bauer,main-ingredient/beef,Tamale Pie
Emma Christensen,main-ingredient/beef,Sous Vide Beef Tenderloin with Port Wine and Garlic
Elise Bauer,main-ingredient/beef,Penne Pasta with Meat Sauce
Elise Bauer,main-ingredient/beef,Oxtail Stew
Elise Bauer,main-ingredient/beef,Chicken Fried Steak
Sally Vargas,main-ingredient/beef,Best Beef Chili
Elise Bauer,main-ingredient/beef,Beef Brisket Pot Roast
Elise Bauer,main-ingredient/beef,Easy Beef Brisket
Elise Bauer,main-ingredient/beef,Classic Meatloaf
Nick Evans,main-ingredient/beef,Slow Cooker Bourbon Short Ribs with Cheesy Grits
Elise Bauer,main-ingredient/beef,Beef Stroganoff
Sara Bir,main-ingredient/beef,Cincinnati Chili
Summer Miller,main-ingredient/beef,How to Grill the Best Burgers
Emma Christensen,main-ingredient/beef,Pressure Cooker Shepherd’s Pie + First Look at The Ultimate Instant Pot Cookbook!
Elise Bauer,main-ingredient/beef,Carne Asada
Nick Evans,main-ingredient/beef,Beef and Broccoli Ramen Stir Fry
Elise Bauer,main-ingredient/beef,Beef Steak Fajitas
Jaden Hair,main-ingredient/beef,Broccoli Beef Stir Fry
Elise Bauer,main-ingredient/beef,Carbonnade Beef and Beer Stew
Elise Bauer,main-ingredient/beef,Beef Roast Braised in Red Wine
Elise Bauer,main-ingredient/beef,Chili Con Carne
Elise Bauer,main-ingredient/beef,Mom’s Stuffed Bell Peppers
Coco Morante,main-ingredient/beef,Pressure Cooker Porcupine Meatballs
Emma Christensen,main-ingredient/beef,Sous Vide French Dip Sandwiches
Elise Bauer,main-ingredient/beef,Italian Pot Roast
Elise Bauer,main-ingredient/beef,Dad’s Stuffed Bell Peppers
Elise Bauer,main-ingredient/beef,Steak Diane
Elise Bauer,main-ingredient/beef,Braised Beef Short Ribs
Elise Bauer,main-ingredient/beef,Ginger Beef Stir Fry
Coco Morante,main-ingredient/beef,Instant Pot Beef Chili
Elise Bauer,main-ingredient/beef,Hamburger Stroganoff
Marta Rivera,main-ingredient/beef,Pastelón (Puerto Rican Plantain “Lasagna”)
Elise Bauer,main-ingredient/beef,Santa Maria Style Tri Tip
Elise Bauer,main-ingredient/beef,Italian Meatballs
Elise Bauer,main-ingredient/beef,Liver and Onions
Marta Rivera,main-ingredient/beef,Slow Cooker Beef Stroganoff
Elise Bauer,main-ingredient/beef,Beef Bourguignon
Coco Morante,main-ingredient/beef,Salisbury Steak with Mushroom Gravy
Elise Bauer,main-ingredient/beef,Grilled Skirt Steak Skewers
Elise Bauer,main-ingredient/beef,Peppercorn Steak
Sally Vargas,main-ingredient/beef,Quick and Easy Bolognese Sauce
Elise Bauer,main-ingredient/beef,Swiss Steak
Megan Keno,main-ingredient/beef,Cheesy Hamburger Pasta Skillet
Elise Bauer,main-ingredient/beef,Chili Beans with Rice
Nick Evans,main-ingredient/beef,Cheesy Baked Hot Dogs
Hank Shaw,main-ingredient/beef,Beef Roulades with Walnut Parsley Pesto
Elise Bauer,main-ingredient/beef,Beef Goulash with Dumplings
Elise Bauer,main-ingredient/beef,Traditional Roast Beef Hash
Coco Morante,main-ingredient/beef,Instant Pot Beef Brisket
Coco Morante,main-ingredient/beef,"Joe’s Special (Scrambled Eggs with Spinach, Beef, and Mushrooms)"
Elise Bauer,main-ingredient/beef,Flank Steak Stir Fry with Asparagus and Red Pepper
Elise Bauer,main-ingredient/beef,Quick Beef Stew with Mushrooms and White Beans
Nick Evans,main-ingredient/beef,Sous Vide Beef Bulgogi Bowls
Elise Bauer,main-ingredient/beef,Tuscan Meatloaf with Mushroom Sauce
Summer Miller,main-ingredient/beef,How to Grill the Best Steak
Elise Bauer,main-ingredient/beef,Marinated Tri-Tip Roast with Mushrooms and Garlic
Coco Morante,main-ingredient/beef,Pressure Cooker Cajun-Spiced Stuffed Peppers
Elise Bauer,main-ingredient/beef,Grilled Bacon-Wrapped Stuffed Hot Dogs
Sally Vargas,main-ingredient/beef,Moroccan Pot Roast
Elise Bauer,main-ingredient/beef,Grilled Flank Steak with Mushrooms
Elise Bauer,main-ingredient/beef,Cowboy Steak with Chimichurri Sauce
Sheryl Julian,main-ingredient/beef,Italian Wedding Soup
Elise Bauer,main-ingredient/beef,Hanger Steak with Shallots
Elise Bauer,main-ingredient/beef,Osso Buco
Elise Bauer,main-ingredient/beef,Quick Beef Stir-Fry with Bell Peppers
Elise Bauer,main-ingredient/beef,Braised BBQ Beef Sandwich
Sabrina Modelle,main-ingredient/beef,Korean Beef Skewers
Nick Evans,main-ingredient/beef,Garlic Herb Steak Bites
Nick Evans,main-ingredient/beef,BBQ Meatloaf Bites
Nick Evans,main-ingredient/beef,Easy No-Bean Chili
Summer Miller,main-ingredient/beef,Grilled Chili Lime Flank Steak
Jessica Gavin,main-ingredient/beef,How to Cook Skirt Steak
Marta Rivera,main-ingredient/beef,Slow Cooker Corned Beef and Cabbage
Elise Bauer,main-ingredient/beef,Hot Dogs with Sriracha and Asian Slaw
Sabrina Modelle,main-ingredient/beef,Steak Salad with Miso Vinaigrette
Nick Evans,main-ingredient/beef,Hot Dogs with Spicy Kimchi Slaw
Sally Vargas,main-ingredient/beef,Flank Steak with Orange and Avocado Salsa
Elise Bauer,main-ingredient/beef,Grilled Tri-Tip Steak with Bell Pepper Salsa
Nick Evans,main-ingredient/beef,Taco-Stuffed Zucchini Boats
Elise Bauer,main-ingredient/beef,Chipotle Burger
Elise Bauer,main-ingredient/beef,Rolled Stuffed Flank Steak
Elise Bauer,main-ingredient/beef,Jim’s Famous Hamburger
Lisa Lin,main-ingredient/beef,Slow Cooker Cajun-Spiced Stuffed Peppers
Elise Bauer,main-ingredient/beef,Boeuf Bourguignon
Sally Vargas,main-ingredient/chicken,Chicken Larb Lettuce Wraps (Larb Gai)
Elise Bauer,main-ingredient/chicken,Arroz Con Pollo
Elise Bauer,main-ingredient/chicken,Chicken Paprikash
Elise Bauer,main-ingredient/chicken,Honey Mustard Chicken
Elizabeth Stark,main-ingredient/chicken,Easy BBQ Chicken in the Oven
Elise Bauer,main-ingredient/chicken,Easy Chicken Parmesan
Elise Bauer,main-ingredient/chicken,Mango Chicken Curry
Elise Bauer,main-ingredient/chicken,Chicken and Dumplings
Coco Morante,main-ingredient/chicken,Instant Pot Chicken Soup
Jaden Hair,main-ingredient/chicken,Sweet and Sour Chicken
Elise Bauer,main-ingredient/chicken,Persian Pomegranate Chicken (Fesenjan)
Nick Evans,main-ingredient/chicken,Baked Chicken Taquitos
Elise Bauer,main-ingredient/chicken,Chicken Marbella
Emma Christensen,main-ingredient/chicken,Quick Chicken Pho
Elise Bauer,main-ingredient/chicken,White Chicken Chili
Elise Bauer,main-ingredient/chicken,Lemon Chicken
Sally Vargas,main-ingredient/chicken,One-Pan Paprika Chicken with Potatoes and Tomatoes
Sheryl Julian,main-ingredient/chicken,Vietnamese-Style Noodle Bowls with Chicken
Elise Bauer,main-ingredient/chicken,Herb Roasted Chicken Thighs with Potatoes
Elise Bauer,main-ingredient/chicken,Jerk Chicken
Elise Bauer,main-ingredient/chicken,Parmesan Chicken
Lisa Lin,main-ingredient/chicken,"Pasta Skillet with Chicken Sausage, Cheese & Spinach"
Elise Bauer,main-ingredient/chicken,Paprika Chicken with Chickpeas
Elise Bauer,main-ingredient/chicken,Garlic Chicken with White Wine Sauce
Sheryl Julian,main-ingredient/chicken,Skillet Chicken Puttanesca
Elise Bauer,main-ingredient/chicken,Basil Chicken Coconut Curry
Elise Bauer,main-ingredient/chicken,Slow Cooker Chicken Tacos
Coco Morante,main-ingredient/chicken,Cheesy Bruschetta Chicken Cutlets
Elise Bauer,main-ingredient/chicken,Apricot Chicken
Elise Bauer,main-ingredient/chicken,Red Chili Chicken Enchiladas
Elise Bauer,main-ingredient/chicken,Baked Chicken with Cherry Tomatoes and Garlic
Elise Bauer,main-ingredient/chicken,One Pot Chicken and Orzo
Elise Bauer,main-ingredient/chicken,Coq au Vin
Emma Christensen,main-ingredient/chicken,Easy Slow Cooker Chicken Chili
Elise Bauer,main-ingredient/chicken,Keller’s Skillet Roast Chicken with Root Vegetables
Elizabeth Stark,main-ingredient/chicken,Thai Green Curry with Chicken
Elise Bauer,main-ingredient/chicken,Salsa Verde Chicken Bake
Elise Bauer,main-ingredient/chicken,How to Grill Juicy Boneless Skinless Chicken Breasts
Coco Morante,main-ingredient/chicken,Instant Pot Chicken and Rice
Elise Bauer,main-ingredient/chicken,Salsa Verde Chicken Enchiladas
Elise Bauer,main-ingredient/chicken,Grilled Cilantro Lime Chicken
Elise Bauer,main-ingredient/chicken,Creamy Dijon Mustard Chicken
Sally Vargas,main-ingredient/chicken,Easy Mexican Chicken and Rice Soup
Lisa Lin,main-ingredient/chicken,Chicken Fried Rice
Nick Evans,main-ingredient/chicken,Easy Chicken Mac and Cheese
Sabrina Modelle,main-ingredient/chicken,Sheet Pan Chicken with Roasted Broccoli and Potatoes
Elise Bauer,main-ingredient/chicken,Chicken Cacciatore (Hunter Style Chicken)
Elise Bauer,main-ingredient/chicken,Baked Chicken Marinara
Elise Bauer,main-ingredient/chicken,Slow Cooker Chicken and Rice Casserole
Elise Bauer,main-ingredient/chicken,Moroccan Chicken with Lemon and Olives
Sheryl Julian,main-ingredient/chicken,Sheet-Pan Harissa Chicken with Carrots and Cauliflower
Elise Bauer,main-ingredient/chicken,Buttermilk Fried Chicken
Elise Bauer,main-ingredient/chicken,Skillet Lemon Rosemary Chicken
Nick Evans,main-ingredient/chicken,Sous Vide Sesame Chicken
Elise Bauer,main-ingredient/chicken,Chicken Thighs with Mushrooms and Shallots
Sheryl Julian,main-ingredient/chicken,Chicken Milanese
Nick Evans,main-ingredient/chicken,Rotisserie Chicken Stroganoff
Elise Bauer,main-ingredient/chicken,Tomatillo Chicken Stew
Coco Morante,main-ingredient/chicken,Instant Pot Chipotle Chicken and Rice Bowls
Elise Bauer,main-ingredient/chicken,Chicken Normandy
Elise Bauer,main-ingredient/chicken,Chicken Florentine Pesto Pasta
Hank Shaw,main-ingredient/chicken,Chicken Gumbo with Andouille Sausage
Sheryl Julian,main-ingredient/chicken,Weeknight Chicken Biryani
Elise Bauer,main-ingredient/chicken,Roast Chicken with Carrots
Elise Bauer,main-ingredient/chicken,Smoked Paprika Roast Chicken
Aaron Hutcherson,main-ingredient/chicken,One-Pot Chicken and Rice Soup
Coco Morante,main-ingredient/chicken,Instant Pot Chicken Adobo and Rice
Elise Bauer,main-ingredient/chicken,Chicken with Creamy Mushroom Sauce
Nick Evans,main-ingredient/chicken,Chili Garlic Chicken
Coco Morante,main-ingredient/chicken,Pressure Cooker Moroccan Chicken
Elizabeth Stark,main-ingredient/chicken,Grilled Chicken with South Carolina-Style BBQ Sauce
Elise Bauer,main-ingredient/chicken,Chicken and Apples in Honey Mustard Sauce
Elise Bauer,main-ingredient/chicken,Stuffed Herbed Chicken with Boursin Cheese
Coco Morante,main-ingredient/chicken,Pressure Cooker Shredded Chicken Taco Meat
Elise Bauer,main-ingredient/chicken,Chicken with Creamy Mushroom Sage Sauce
Elise Bauer,main-ingredient/chicken,Honey Glazed Lemon Roast Chicken
Elise Bauer,main-ingredient/chicken,Chicken Bacon Roulades
Elise Bauer,main-ingredient/chicken,Baked Chicken Parmesan
Elise Bauer,main-ingredient/chicken,"Chicken Stew with Onions, Tomatoes, and Dijon"
Sally Vargas,main-ingredient/chicken,Chicken Breasts with Mustard Cream Sauce
Aaron Hutcherson,main-ingredient/chicken,Buffalo Chicken Lasagna
Elise Bauer,main-ingredient/chicken,Chicken Curry in a Hurry
Elise Bauer,main-ingredient/chicken,Greek Lemon Chicken Skewers with Tzatziki Sauce
Elise Bauer,main-ingredient/chicken,Beer Braised Chicken and Onions
Elise Bauer,main-ingredient/chicken,Spanish Baked Chicken
Sally Vargas,main-ingredient/chicken,Chicken Minestrone with Basil Pesto
Coco Morante,main-ingredient/chicken,Pressure Cooker Chicken Lettuce Wraps
Elise Bauer,main-ingredient/chicken,Chicken Prosciutto
Elise Bauer,main-ingredient/chicken,"Broccoli, Chicken, and Almond Sauté"
Lisa Lin,main-ingredient/chicken,Teriyaki Chicken Lettuce Wraps
Sally Vargas,main-ingredient/chicken,Chicken Noodle Casserole
Aaron Hutcherson,main-ingredient/chicken,Roasted Chicken Thighs with Fennel and Orange
Elise Bauer,main-ingredient/chicken,Roasted Garlic Chicken
Elise Bauer,main-ingredient/chicken,Chicken Peanut Curry
Elise Bauer,main-ingredient/chicken,Grilled Moroccan Chicken
Hank Shaw,main-ingredient/chicken,"Chicken Drumsticks, Ethiopian Style"
Sally Vargas,main-ingredient/chicken,Chicken Stew with Tomatillo Sauce
Elise Bauer,main-ingredient/chicken,Herb Stuffed Roast Chicken
Hank Shaw,main-ingredient/chicken,Grilled Cornish Game Hens
Sally Vargas,main-ingredient/chicken,Soba Noodle Soup with Chicken and Bok Choy
Elise Bauer,main-ingredient/chicken,Roast Chicken with Apricot Glaze
Nick Evans,main-ingredient/chicken,Sous Vide Chicken and Broccoli
Elise Bauer,main-ingredient/chicken,Chicken with Mango Chutney Sauce
Sabrina Modelle,main-ingredient/chicken,Grilled Chicken Caesar Salad
Sheryl Julian,main-ingredient/chicken,Maple-Glazed Chicken with Caramelized Onions and Pears
Elise Bauer,main-ingredient/chicken,Spicy Orange Marinated Chicken
Coco Morante,main-ingredient/chicken,Skillet Chicken with Baby Bok Choy
Sally Vargas,main-ingredient/chicken,Grilled Chicken Satay with Peanut Sauce
Lisa Lin,main-ingredient/chicken,BBQ Chicken Burrito Bowl
Elise Bauer,main-ingredient/chicken,Herbed Chicken Tenders with Tomato Sauce
Elise Bauer,main-ingredient/chicken,Red Chile Marinated Grilled Chicken
Sponsored Content,main-ingredient/chicken,Slow Cooker Honey Chipotle Chicken Tacos
Elise Bauer,main-ingredient/chicken,Mediterranean Chicken Salad
Elise Bauer,main-ingredient/chicken,Teriyaki Chicken Breasts
Sheryl Julian,main-ingredient/chicken,Sheet Pan Chicken with Asparagus and Potatoes
Sabrina Modelle,main-ingredient/chicken,Crispy Curried Chicken Thighs with Wilted Greens
Emma Christensen,main-ingredient/chicken,How to Spatchcock (Butterfly) a Chicken
Elise Bauer,main-ingredient/chicken,Chicken with Goat Cheese and Arugula
Elise Bauer,main-ingredient/chicken,Ricotta Stuffed Chicken
Elise Bauer,main-ingredient/chicken,Chipotle Salsa Baked Chicken
Coco Morante,main-ingredient/chicken,Matzo Ball Soup
Sabrina Modelle,main-ingredient/chicken,Chinese Smashed Cucumber Chicken Salad
Elise Bauer,main-ingredient/chicken,Spicy Chicken Drumsticks
Elise Bauer,main-ingredient/chicken,Zucchini Noodle Chicken Pesto Bowl
Sally Vargas,main-ingredient/chicken,Spicy Grilled Chicken Tacos
Carrie Havranek,main-ingredient/chicken,Sheet Pan Hawaiian Chicken {New Cookbook Recipe!}
Elise Bauer,main-ingredient/chicken,Cardamom Honey Chicken
Sally Vargas,main-ingredient/chicken,Turmeric and Honey-Glazed Chicken
Elise Bauer,main-ingredient/chicken,"Chicken, Mushrooms, and Tomatoes with Port Wine"
Sally Vargas,main-ingredient/chicken,Vietnamese-Style Sticky Chicken Skewers
Sabrina Modelle,main-ingredient/chicken,Sheet Pan Chicken with Roasted Eggplant Caponata
Elise Bauer,main-ingredient/chicken,Skillet Chermoula Chicken
Lisa Lin,main-ingredient/chicken,Quick Green Curry Chicken with Zucchini Noodles
Elise Bauer,main-ingredient/chicken,Grilled Lime Chicken with Black Bean Sauce
Sally Vargas,main-ingredient/chicken,Grilled Dukkah-Crusted Chicken with Lemon Hummus
Garrett McCord,main-ingredient/chicken,Rosemary Chicken Skewers with Berry Sauce
Elise Bauer,main-ingredient/chicken,Ginger Chicken with Almonds
Sally Vargas,main-ingredient/chicken,Grilled Salsa Verde Chicken
Elise Bauer,main-ingredient/chicken,Chicken Marsala with Pancetta and Cream
Elise Bauer,main-ingredient/chicken,"Chicken Stew with Coriander, Cilantro, and Chard"
Katie Workman,main-ingredient/chicken,Chicken and Black Bean Tostadas
Elise Bauer,main-ingredient/chicken,Spicy Garlic Cashew Chicken
Sally Vargas,main-ingredient/chicken,Greek Chicken Skewers with Yogurt Sauce (Chicken Souvlaki)
Sally Vargas,main-ingredient/chicken,Chicken and Avocado Salad with Buttermilk Dressing
Megan Keno,main-ingredient/chicken,Miso Glazed Chicken Wings
Nick Evans,main-ingredient/chicken,Sous Vide Korean BBQ Chicken
Elise Bauer,main-ingredient/chicken,Chicken Curry Salad
Elise Bauer,main-ingredient/chicken,Chicken Mango Lettuce Wraps
Elise Bauer,main-ingredient/chicken,Sesame Chicken Fingers with Spicy Orange Dipping Sauce
Sally Vargas,main-ingredient/chicken,Chicken Udon Soup with Bok Choy
Nick Evans,main-ingredient/chicken,Easy Green Chicken Chili
Coco Morante,main-ingredient/chicken,Instant Pot Chicken and Dumplings
Nick Evans,main-ingredient/chicken,Slow Cooker Jambalaya
Nick Evans,main-ingredient/chicken,Chicken and Pineapple Kabobs
Prerna Singh,main-ingredient/chicken,Chicken Korma
Garrett McCord,main-ingredient/chicken,Three Teacup Chicken
Elise Bauer,main-ingredient/chicken,Chicken Pozole Salad
Elise Bauer,main-ingredient/chicken,Roast Chicken with Grapes
Sally Vargas,main-ingredient/chicken,Spatchcocked Grilled Chicken with Orange and Ginger
Elise Bauer,main-ingredient/chicken,Honey Mint Glazed Grilled Chicken
Garrett McCord,main-ingredient/chicken,Kung Pao Chicken
Elise Bauer,main-ingredient/chicken,Easy Cashew Chicken
Sabrina Modelle,main-ingredient/chicken,Grilled Sausage and Mushroom Bowls
Elise Bauer,main-ingredient/seafood,Shrimp with Orange Beurre Blanc
Elise Bauer,main-ingredient/seafood,Grilled Shrimp Tacos with Mango Avocado Salsa
Hank Shaw,main-ingredient/seafood,Swordfish with Smoked Paprika
Elise Bauer,main-ingredient/seafood,Crab Cakes with Ginger and Lime
Elise Bauer,main-ingredient/seafood,Artichoke and Shrimp Risotto
Elise Bauer,main-ingredient/seafood,Grilled Salmon with Dill Butter
Sheryl Julian,main-ingredient/seafood,Sheet Pan Fish and Chips
Garrett McCord,main-ingredient/seafood,Coconut Curry Mussels
Aaron Hutcherson,main-ingredient/pork,Grilled Cheese BLT
Elise Bauer,main-ingredient/pork,Pork Mango Picadillo
Elise Bauer,main-ingredient/pork,Hawaiian Pork Burger
Aaron Hutcherson,main-ingredient/pork,Pumpkin Chili
Elise Bauer,main-ingredient/pork,Bacon-wrapped Pork Roast
Carrie Havranek,main-ingredient/pork,How to Cook Pork Chops Sous Vide
Elise Bauer,main-ingredient/pasta,Mint Ricotta Stuffed Shells
Elise Bauer,main-ingredient/pasta,Angel Hair Pasta with Shrimp and Parmesan Lemon Cream Sauce
Elise Bauer,main-ingredient/pasta,Pasta with Turkey Sausage and Smoked Mozzarella
Elise Bauer,main-ingredient/pasta,Tuna and Tomato Pasta Casserole
Elise Bauer,main-ingredient/pasta,Spaghetti with Clams
Summer Miller,main-ingredient/pasta,How to Make Homemade Pasta (Without a Pasta Maker!)
Elise Bauer,main-ingredient/pasta,Shrimp Pasta alla Vodka
Sally Vargas,main-ingredient/pasta,Creamy Ziti Florentine
Elise Bauer,main-ingredient/pasta,Fettuccine Alfredo
Elise Bauer,main-ingredient/pasta,Lasagna Bolognese
Elise Bauer,main-ingredient/pasta,EASY Italian Sausage Spaghetti
Marta Rivera,main-ingredient/pasta,"Angel Hair Pasta with Salmon, Arugula, and Creamy Lemon-Parmesan Sauce"
Elise Bauer,main-ingredient/pasta,"Sausage, Spinach, Ricotta Stuffed Pasta Shells"
Sally Vargas,main-ingredient/pasta,"Spaghetti with Tomatoes, Bacon, and Eggs"
Elise Bauer,main-ingredient/pasta,Mediterranean Tuna Pasta
Elise Bauer,main-ingredient/pasta,Classic Bolognese Sauce
Hank Shaw,main-ingredient/pasta,Pasta Puttanesca
Elise Bauer,main-ingredient/pork,Barbecued Pork Shoulder on a Gas Grill
Marta Rivera,main-ingredient/pork,"Sausage, Pepper, and Potato Bake"
Elise Bauer,main-ingredient/pork,Pulled Pork Sandwich
Coco Morante,main-ingredient/pork,Instant Pot Mexican Pulled Pork (Carnitas)
Elise Bauer,main-ingredient/pork,Pineapple Glazed Ham Balls
Elise Bauer,main-ingredient/pork,Pork and Poblano Stew
Elise Bauer,main-ingredient/pork,Pasta with Ham and Peas
Hank Shaw,main-ingredient/pork,"Feijoada, Brazilian Black Bean Stew"
Elise Bauer,main-ingredient/pork,Pork Chops with Dijon Sauce
Elise Bauer,main-ingredient/pork,Pork Crown Roast
Elise Bauer,main-ingredient/pork,Slow Cooker Chinese Pulled Pork
Elise Bauer,main-ingredient/pork,Ham and Cheese Pasta Bake
Elise Bauer,main-ingredient/pork,Cranberry Glazed Ham
Garrett McCord,main-ingredient/pork,Slow Cooker Dr Pepper Pulled Pork
Elise Bauer,main-ingredient/pork,Apple Cranberry Stuffed Pork Roast
Elise Bauer,main-ingredient/pork,Pork Schnitzel
Elise Bauer,main-ingredient/pork,Santa Fe Pork and Black Bean Stew
Coco Morante,main-ingredient/pork,Pot Sticker Stir-Fry + First Look at Nom Nom Paleo’s New Cookbook
Elise Bauer,main-ingredient/pork,Vermont Maple Syrup Pork Chops
Sally Vargas,main-ingredient/pork,Pork Chops with Pomegranate Glaze
Summer Miller,main-ingredient/pork,Slow Cooker Cider Pulled Pork
Elise Bauer,main-ingredient/pork,Grilled Ginger Sesame Pork Tenderloin
Elise Bauer,main-ingredient/pork,Pork Chops with Braised Cabbage
Elise Bauer,main-ingredient/pork,Slow Roasted Pork Shoulder with Savory Apple Gravy
Elise Bauer,main-ingredient/pork,Grilled Pork Tenderloin with Orange Marmalade Glaze
Elise Bauer,main-ingredient/pork,Salsa Verde Carnitas
Sheryl Julian,main-ingredient/pork,Sausage Rolls
Elise Bauer,main-ingredient/pork,Panko Crusted Pork Tenderloin with Dijon Cream Sauce
Elise Bauer,main-ingredient/pork,Pork Tenderloin with Apples
Elise Bauer,main-ingredient/pork,Mom’s Perfect Pork Chops
Elise Bauer,main-ingredient/pork,Danish Pork Burgers
Elise Bauer,main-ingredient/pork,Stuffed Cabbage Rolls
Elise Bauer,main-ingredient/pork,Chipotle Meatballs
Elise Bauer,main-ingredient/pork,White Beans and Sausage
Elise Bauer,main-ingredient/pork,Pork Stir Fry with Green Onion
Elise Bauer,main-ingredient/pork,Lentils and Ham
Elise Bauer,main-ingredient/pork,Potato Spinach Sausage Casserole
Hank Shaw,main-ingredient/pork,"Risi e Bisi, Italian Rice and Peas"
Elise Bauer,main-ingredient/pork,"Braised, Stuffed Pork Shoulder"
Elise Bauer,main-ingredient/pork,"Grilled Italian Sausage with Peppers, Onions and Arugula"
Elise Bauer,main-ingredient/pork,Sausage Meatballs with Ricotta in Tomato Sauce
Marta Rivera,main-ingredient/pork,Arroz con Tocino (Puerto Rican Rice with Salt Pork)
Sheryl Julian,main-ingredient/pork,Skillet Pork Chops with Cabbage
Elise Bauer,main-ingredient/pork,Grilled Pork Tenderloin and Peaches
Aaron Hutcherson,main-ingredient/pork,Honey-Mustard Sheet Pan Pork Chops
Elise Bauer,main-ingredient/pork,Chipotle Citrus Marinated Pork Tenderloin
Elise Bauer,main-ingredient/pork,Pork Tenderloin with Figs and Olives
Elise Bauer,main-ingredient/pork,Pork Roast with Cardamom Mushroom Sauce
Elise Bauer,main-ingredient/pork,Sausage Stuffed Zucchini
Elise Bauer,main-ingredient/pork,Stuffed Pork Chops with Kielbasa and Sauerkraut
Elise Bauer,main-ingredient/pork,"Spare Ribs, Cabbage, and Sauerkraut"
Elise Bauer,main-ingredient/pork,Brined Pork Chops with Gremolata
Nick Evans,main-ingredient/pork,Citrus-Brined Grilled Pork Chops
Elise Bauer,main-ingredient/pork,Carnitas
Elise Bauer,main-ingredient/pork,Pork Medallions with Mustard-Caper Sauce
Elise Bauer,main-ingredient/pork,Spareribs and Sauerkraut
Elise Bauer,main-ingredient/pork,Italian Sausages with Ratatouille
Elise Bauer,main-ingredient/pork,Pork Chops with Ginger Pear Sauce
Elise Bauer,main-ingredient/pork,Pork Chops with Mushroom Bourbon Cream Sauce
Nick Evans,main-ingredient/pork,Cheesy Slow Cooker Sausage Balls
Sally Vargas,main-ingredient/pork,Pan-Seared Pork Chops with Garlic and Greens
Nick Evans,main-ingredient/pork,Instant Pot BBQ Baby Back Ribs
Nick Evans,main-ingredient/pork,Sheet Pan Ranch Pork Chops
Summer Miller,main-ingredient/pork,Tomato Tortellini Soup with Italian Sausage
Nick Evans,main-ingredient/pork,Easy Pork Fried Rice with Frozen Vegetables
Elise Bauer,main-ingredient/pork,Grilled Pork Chops with Cherry Salsa
Elise Bauer,main-ingredient/pork,Grilled Spicy Citrus Ribs with Bourbon Glaze
Simply Recipes Team,main-ingredient/pork,Cheesy Polenta with Grilled Sausages and Summer Vegetables
Sally Vargas,main-ingredient/pork,Sesame-Crusted Pork Cutlets with Crispy Shallots
Elise Bauer,main-ingredient/pork,Pork Chops with Sweet and Sour Sauce
Elise Bauer,main-ingredient/pork,Pork Tenderloin with Figs and Onions
Elise Bauer,main-ingredient/seafood,Baked Scallops
Elise Bauer,main-ingredient/seafood,Honey Apple Cider Glazed Salmon
Elise Bauer,main-ingredient/seafood,Shrimp Cakes
Elise Bauer,main-ingredient/seafood,Dungeness Crab Cakes
Elise Bauer,main-ingredient/seafood,Cod with Tomato and Orange
Elise Bauer,main-ingredient/seafood,Sautéed Petrale Sole in Herb Butter Sauce
Elise Bauer,main-ingredient/seafood,Grilled Swordfish Steaks with Lemon Oregano Marinade
Elise Bauer,main-ingredient/seafood,Broiled Lobster Tail with Brown Butter Sauce
Elise Bauer,main-ingredient/seafood,Pan Seared Salmon with Avocado Remoulade
Elise Bauer,main-ingredient/seafood,Seared Scallops with Brown Butter Caper Sauce
Sheryl Julian,main-ingredient/seafood,Singapore Noodles with Shrimp
Elise Bauer,main-ingredient/seafood,"Oven-Roasted Salmon, Asparagus and New Potatoes"
Elise Bauer,main-ingredient/seafood,"Salmon with Tomato, Onions, and Capers"
Simply Recipes Team,main-ingredient/seafood,Baked Fish with Parmesan Breadcrumbs
Elise Bauer,main-ingredient/seafood,Salmon Provencal
Elise Bauer,main-ingredient/seafood,Grilled Whole Salmon with Preserved Lemon Relish
Sabrina Modelle,main-ingredient/seafood,Shrimp with Zucchini Noodles and Lemon-Garlic Butter
Elise Bauer,main-ingredient/seafood,Sake Ginger Glazed Salmon
Elise Bauer,main-ingredient/seafood,"Tilapia with Olives, Mushrooms, and Tomatoes"
Elise Bauer,main-ingredient/seafood,Becca’s Jambalaya
Elise Bauer,main-ingredient/seafood,Skillet Shrimp and Asparagus
Elise Bauer,main-ingredient/seafood,Spicy Crab Cakes with Horseradish Mayo
